{
  "Workflows": [
    {
      "Path": null,
      "SortBy": 0,
      "VariablesSectionElementsOrder": [],
      "ArgumentsSectionElementsOrder": null,
      "ConstantsSectionElementsOrder": [],
      "AddedNamespaces": null
    },
    {
      "Path": "Main.xaml",
      "SortBy": 0,
      "VariablesSectionElementsOrder": [
        "tickets&Sequence_1",
        "ticketList&Sequence_1",
        "urlBase&Sequence_1",
        "urls&Sequence_1"
      ],
      "ArgumentsSectionElementsOrder": [],
      "ConstantsSectionElementsOrder": [],
      "AddedNamespaces": null
    },
    {
      "Path": "FluxodeTrabalho.xaml",
      "SortBy": 0,
      "VariablesSectionElementsOrder": [
        "tickets&Sequence_2",
        "ticketList&Sequence_2",
        "urlBase&Sequence_2",
        "urls&Sequence_2"
      ],
      "ArgumentsSectionElementsOrder": [],
      "ConstantsSectionElementsOrder": [],
      "AddedNamespaces": null
    }
  ]
}