{
  "DisplayName": "Main",
  "Tooltip": null,
  "HelpLink": null,
  "Color": null,
  "OriginalIconFileName": null,
  "Arguments": [
    {
      "Name": "in_WaitInCurrentProcess",
      "DisplayName": "in_WaitInCurrentProcess",
      "Category": null,
      "Tooltip": null,
      "Placeholder": "True",
      "Widget": null,
      "IsRequired": false,
      "IsPrincipal": true,
      "ArgumentType": 0,
      "DataSourceItems": null
    },
    {
      "Name": "in_TaskBatchSize",
      "DisplayName": "in_TaskBatchSize",
      "Category": null,
      "Tooltip": null,
      "Placeholder": "1000",
      "Widget": null,
      "IsRequired": false,
      "IsPrincipal": true,
      "ArgumentType": 0,
      "DataSourceItems": null
    },
    {
      "Name": "in_TaskWaitProcessName",
      "DisplayName": "in_TaskWaitProcessName",
      "Category": null,
      "Tooltip": null,
      "Placeholder": null,
      "Widget": null,
      "IsRequired": false,
      "IsPrincipal": true,
      "ArgumentType": 0,
      "DataSourceItems": null
    },
    {
      "Name": "in_AfterResumeStepInCurrentProcess",
      "DisplayName": "in_AfterResumeStepInCurrentProcess",
      "Category": null,
      "Tooltip": null,
      "Placeholder": "True",
      "Widget": null,
      "IsRequired": false,
      "IsPrincipal": true,
      "ArgumentType": 0,
      "DataSourceItems": null
    },
    {
      "Name": "in_AfterResumeProcessName",
      "DisplayName": "in_AfterResumeProcessName",
      "Category": null,
      "Tooltip": null,
      "Placeholder": null,
      "Widget": null,
      "IsRequired": false,
      "IsPrincipal": true,
      "ArgumentType": 0,
      "DataSourceItems": null
    }
  ]
}